variable,n,positive_n,rate
y_qn26,2000,845,0.4225
x_qn24,1935,345,0.178295
x_qn25,1969,276,0.140173
y_qn27,1839,382,0.207722
y_qn28,1945,303,0.155784
y_qn29,1969,169,0.08583
y_qn30,1979,38,0.019202
