value,count,proportion
2,15856,0.788738
1,4046,0.201263
<NA>,201,0.009999
