value,count,proportion
2,16475,0.819529
1,3423,0.170273
<NA>,205,0.010197
