value,count,proportion
2,11755,0.584739
1,8108,0.403323
<NA>,240,0.011939
