variable,weighted_n,weighted_rate,ci95_low_approx,ci95_high_approx
y_qn26,4170.7418,0.396122,0.381272,0.410971
x_qn24,4022.5919,0.171142,0.159498,0.182786
x_qn25,4104.4513,0.129854,0.119566,0.140142
y_qn27,3844.389,0.192773,0.180298,0.205248
y_qn28,4036.1829,0.141482,0.130725,0.152238
y_qn29,4114.1702,0.079207,0.070951,0.087463
y_qn30,4135.1141,0.013719,0.010172,0.017266
