feature_name,importance_mean,importance_std,mean_rank,mean_spearman_rank_vs_mean,mean_pairwise_jaccard_topk,top_k
q2,0.1307230224865502,0.010810227951449033,1.0,1.0,1.0,10
raceeth,0.019314521675950474,0.0020369010514173455,2.0,1.0,1.0,10
q1,0.0061747201821433905,0.0017131737839119027,3.0,1.0,1.0,10
q3,0.00042378530697546386,0.0017936594884705305,4.0,1.0,1.0,10
